<?xml version="1.0" encoding="UTF-8"?>
<rss version="2.0" xmlns:ror="http://rorweb.com/0.1/" >
<channel>
  <title>ROR Sitemap for http://mohitshukla.in/</title>
  <link>http://mohitshukla.in/</link>

<item>
     <link>http://mohitshukla.in/</link>
     <title>Home | Mohit Shukla</title>
     <description>Mohit Shukla student Civil Engineering Department Indian Institute of Technology Kanpur</description>
     <ror:updatePeriod></ror:updatePeriod>
     <ror:sortOrder>0</ror:sortOrder>
     <ror:resourceOf>sitemap</ror:resourceOf>
</item>
<item>
     <link>http://mohitshukla.in/?page=1</link>
     <title>Home | Mohit Shukla</title>
     <description>Mohit Shukla student Civil Engineering Department Indian Institute of Technology Kanpur</description>
     <ror:updatePeriod></ror:updatePeriod>
     <ror:sortOrder>1</ror:sortOrder>
     <ror:resourceOf>sitemap</ror:resourceOf>
</item>
<item>
     <link>http://mohitshukla.in/?page=2</link>
     <title>About | Mohit Shukla</title>
     <description>Mohit Shukla student Civil Engineering Department Indian Institute of Technology Kanpur</description>
     <ror:updatePeriod></ror:updatePeriod>
     <ror:sortOrder>1</ror:sortOrder>
     <ror:resourceOf>sitemap</ror:resourceOf>
</item>
<item>
     <link>http://mohitshukla.in/?page=3</link>
     <title>Stuff | Mohit Shukla</title>
     <description>Mohit Shukla student Civil Engineering Department Indian Institute of Technology Kanpur</description>
     <ror:updatePeriod></ror:updatePeriod>
     <ror:sortOrder>1</ror:sortOrder>
     <ror:resourceOf>sitemap</ror:resourceOf>
</item>
<item>
     <link>http://mohitshukla.in/?page=4</link>
     <title>Work | Mohit Shukla</title>
     <description>Mohit Shukla student Civil Engineering Department Indian Institute of Technology Kanpur</description>
     <ror:updatePeriod></ror:updatePeriod>
     <ror:sortOrder>1</ror:sortOrder>
     <ror:resourceOf>sitemap</ror:resourceOf>
</item>
<item>
     <link>http://mohitshukla.in/?page=5</link>
     <title>Resources | Mohit Shukla</title>
     <description>Mohit Shukla student Civil Engineering Department Indian Institute of Technology Kanpur</description>
     <ror:updatePeriod></ror:updatePeriod>
     <ror:sortOrder>1</ror:sortOrder>
     <ror:resourceOf>sitemap</ror:resourceOf>
</item>
</channel>
</rss>
  